date,portfolio_value,cash,shares_held,trade_type,trade_shares,trade_price
2023-12-11,99900.10045322105,0.5536742717085872,92429,Buy,92429,1.0808247063037504
2023-12-12,100764.31249901965,0.5536742717085872,92429,Buy,0,1.0901747159954986
2023-12-13,102600.01754708722,0.5536742717085872,92429,Buy,0,1.110035420407183
2023-12-14,102684.75187865243,0.5536742717085872,92429,Buy,0,1.110952170902863
2023-12-15,102379.72564861026,0.5536742717085872,92429,Buy,0,1.1076520569771235
2023-12-18,101430.80531663528,0.5536742717085872,92429,Buy,0,1.0973855785777578
2023-12-19,102023.89354681401,0.5536742717085872,92429,Buy,0,1.1038022684713922
2023-12-20,100832.09128247554,0.5536742717085872,92429,Buy,0,1.0909080224626884
2023-12-21,100747.35695091035,0.5536742717085872,92429,Buy,0,1.0899912719670086
2023-12-22,100137.33921801107,0.5536742717085872,92429,Buy,0,1.083391419832946
2023-12-26,99826.68718398793,0.5536742717085872,92429,Buy,0,1.080030439685772
2023-12-27,99883.16226870428,0.5536742717085872,92429,Buy,0,1.0806414501339685
2023-12-28,100126.05288286405,0.5536742717085872,92429,Buy,0,1.0832693116726606
2023-12-29,99532.95597088902,0.5536742717085872,92429,Buy,0,1.0768525278496717
2024-01-02,95641.25397627689,0.5536742717085872,92429,Buy,0,1.0347477555962434
2024-01-03,94856.14177626623,0.5536742717085872,92429,Buy,0,1.0262535362493863
2024-01-04,93534.43379438577,0.5536742717085872,92429,Buy,0,1.0119538253157998
2024-01-05,93122.08319889184,0.5536742717085872,92429,Buy,0,1.0074925567151016
2024-01-08,95596.07390850381,0.5536742717085872,92429,Buy,0,1.0342589472376862
2024-01-09,95358.84382551008,0.5536742717085872,92429,Buy,0,1.031692327637845
2024-01-10,95951.92337389258,0.5536742717085872,92429,Buy,0,1.0381089236021257
2024-01-11,95613.02077481682,0.5536742717085872,92429,Buy,0,1.034442297336822
2024-01-12,95799.41025887146,0.5536742717085872,92429,Buy,0,1.0364588666392556
2024-01-16,94505.94416024727,0.5536742717085872,92429,Buy,0,1.022464707894444
2024-01-17,93969.33969658116,0.5536742717085872,92429,Buy,0,1.01665912237836
2024-01-18,97330.11512228569,0.5536742717085872,92429,Buy,0,1.053019738913263
2024-01-19,98985.08253566839,0.5536742717085872,92429,Buy,0,1.0709250220320103
2024-01-22,100301.1299863829,0.5536742717085872,92429,Buy,0,1.085163491026747
2024-01-23,101029.78446526968,0.5536742717085872,92429,Buy,0,1.093046887784115
2024-01-24,100645.69311662465,0.5536742717085872,92429,Buy,0,1.0888913592309009
2024-01-25,100459.29495077374,0.5536742717085872,92429,Buy,0,1.0868746959991131
2024-01-26,99470.84640039546,0.5536742717085872,92429,Buy,0,1.076180557250687
2024-01-29,99081.09452058435,0.5536742717085872,92429,Buy,0,1.0719637867586216
2024-01-30,96996.8556907835,0.5536742717085872,92429,Buy,0,1.0494141667281025
2024-01-31,94940.8674260352,0.5536742717085872,92429,Buy,0,1.0271701928157124
2024-02-01,96330.36287316786,0.5536742717085872,92429,Buy,0,1.0422033041458434
2024-02-02,95759.8733586719,0.5536742717085872,92429,Buy,0,1.0360311123608412
2024-02-05,96793.51065861958,0.5536742717085872,92429,Buy,0,1.047214153397179
2024-02-06,97708.56330335727,0.5536742717085872,92429,Buy,0,1.057114213386335
2024-02-07,97770.69023744337,0.5536742717085872,92429,Buy,0,1.057786371844028
2024-02-08,97155.01197337806,0.5536742717085872,92429,Buy,0,1.0511252777711146
2024-02-09,97590.49955592332,0.5536742717085872,92429,Buy,0,1.0558368681003971
2024-02-12,96629.05139193518,0.5536742717085872,92429,Buy,0,1.045434849643115
2024-02-13,95435.71244965743,0.5536742717085872,92429,Buy,0,1.0325239781387412
2024-02-14,94932.38531108241,0.5536742717085872,92429,Buy,0,1.0270784238367905
2024-02-15,94768.36881600763,0.5536742717085872,92429,Buy,0,1.0253039104797836
2024-02-16,93891.7591651399,0.5536742717085872,92429,Buy,0,1.01581976967043
2024-02-20,93467.59264492667,0.5536742717085872,92429,Buy,0,1.0112306632188486
2024-02-21,93897.41969630594,0.5536742717085872,92429,Buy,0,1.015881011609281
2024-02-22,95056.81281517996,0.5536742717085872,92429,Buy,0,1.0284246193392577
2024-02-23,94010.54350166394,0.5536742717085872,92429,Buy,0,1.0171049110927548
2024-02-26,93241.37107959941,0.5536742717085872,92429,Buy,0,1.0087831460399626
2024-02-27,94072.7485719165,0.5536742717085872,92429,Buy,0,1.0177779149146349
2024-02-28,93388.4233447686,0.5536742717085872,92429,Buy,0,1.010374121439125
2024-02-29,93009.49766490236,0.5536742717085872,92429,Buy,0,1.0062744808515796
2024-03-01,92393.05540276555,0.5536742717085872,92429,Buy,0,0.9996051209955084
2024-03-04,89814.12782167525,0.5536742717085872,92429,Buy,0,0.9717034063703334
2024-03-05,86997.64893112934,0.5536742717085872,92429,Buy,0,0.9412315967592166
2024-03-06,86432.09067691298,0.5536742717085872,92429,Buy,0,0.9351127568473236
2024-03-07,86364.22507549443,0.5536742717085872,92429,Buy,0,0.9343785110865932
2024-03-08,87342.63746938815,0.5536742717085872,92429,Buy,0,0.9449640675017196
2024-03-11,88485.05767656039,0.5536742717085872,92429,Buy,0,0.9573240433444988
2024-03-12,88756.52876403088,0.5536742717085872,92429,Buy,0,0.9602611203167748
2024-03-13,87568.876398308,0.5536742717085872,92429,Buy,0,0.9474117725393144
2024-03-14,88626.44941056357,0.5536742717085872,92429,Buy,0,0.9588537768048108
2024-03-15,88411.5315439758,0.5536742717085872,92429,Buy,0,0.9565285556449176
2024-03-18,89033.65170087117,0.5536742717085872,92429,Buy,0,0.9632593452985476
2024-03-19,90368.35633176325,0.5536742717085872,92429,Buy,0,0.9776996684751706
2024-03-20,91833.1403161227,0.5536742717085872,92429,Buy,0,0.993547335163758
2024-03-21,87704.59023755256,0.5536742717085872,92429,Buy,0,0.948880076202067
2024-03-22,88219.2558020522,0.5536742717085872,92429,Buy,0,0.9544483022404276
2024-03-25,87410.511752603,0.5536742717085872,92429,Buy,0,0.9456984071918044
2024-03-26,86765.78419822855,0.5536742717085872,92429,Buy,0,0.9387230255001876
2024-03-27,88801.76960437784,0.5536742717085872,92429,Buy,0,0.9607505861808106
2024-03-28,87766.80398960137,0.5536742717085872,92429,Buy,0,0.949553173953301
2024-04-01,86946.7562414126,0.5536742717085872,92429,Buy,0,0.940680982885684
2024-04-02,86273.73471300426,0.5536742717085872,92429,Buy,0,0.9333994854291678
2024-04-03,86731.83837482486,0.5536742717085872,92429,Buy,0,0.9383557617257912
2024-04-04,86262.439696061,0.5536742717085872,92429,Buy,0,0.9332772833395286
2024-04-05,86692.25806564397,0.5536742717085872,92429,Buy,0,0.9379275378006064
2024-04-08,86053.17367884301,0.5536742717085872,92429,Buy,0,0.9310132101891322
2024-04-09,86743.15943715695,0.5536742717085872,92429,Buy,0,0.9384782456034928
2024-04-10,85674.25668077305,0.5536742717085872,92429,Buy,0,0.926913663530941
2024-04-11,89780.17331647531,0.5536742717085872,92429,Buy,0,0.971336048666583
2024-04-12,90634.16688806773,0.5536742717085872,92429,Buy,0,0.980575503508596
2024-04-15,88451.12921674922,0.5536742717085872,92429,Buy,0,0.9569569674288104
2024-04-16,86579.16030567473,0.5536742717085872,92429,Buy,0,0.9367039201051944
2024-04-17,85798.68418487062,0.5536742717085872,92429,Buy,0,0.9282598590334086
2024-04-18,85255.74200992961,0.5536742717085872,92429,Buy,0,0.9223857050888564
2024-04-19,84102.00942222158,0.5536742717085872,92429,Buy,0,0.9099033392977298
2024-04-22,84577.07731394778,0.5536742717085872,92429,Buy,0,0.9150431535521976
2024-04-23,85176.5727097715,0.5536742717085872,92429,Buy,0,0.9215291633091324
2024-04-24,86375.55481962278,0.5536742717085872,92429,Buy,0,0.9345010888936488
2024-04-25,86867.57825945826,0.5536742717085872,92429,Buy,0,0.9398243471766063
2024-04-26,86533.90210173524,0.5536742717085872,92429,Buy,0,0.9362142663824506
2024-04-29,88909.23287856985,0.5536742717085872,92429,Buy,0,0.961913243725434
2024-04-30,87116.41590406088,0.5536742717085872,92429,Buy,0,0.9425165503228334
2024-05-01,86533.90210173524,0.5536742717085872,92429,Buy,0,0.9362142663824506
2024-05-02,88643.41364046912,0.5536742717085872,92429,Buy,0,0.9590373147626547
2024-05-03,94496.91509212968,0.5536742717085872,92429,Buy,0,1.022367021366216
2024-05-06,93552.43115804705,0.5536742717085872,92429,Buy,0,1.0121485408667772
2024-05-07,93942.66053665285,0.5536742717085872,92429,Buy,0,1.0163704774733162
2024-05-08,94134.95364216901,0.5536742717085872,92429,Buy,0,1.0184509187365145
2024-05-09,95169.9192569455,0.5536742717085872,92429,Buy,0,1.0296483309640243
2024-05-10,94450.70189060083,0.5536742717085872,92429,Buy,0,1.021867035414525
2024-05-13,96279.90427326449,0.5536742717085872,92429,Buy,0,1.0416573867400143
2024-05-14,96931.16922022794,0.5536742717085872,92429,Buy,0,1.0487034972352425
2024-05-15,98228.06462837754,0.5536742717085872,92429,Buy,0,1.0627347580749098
2024-05-16,98296.0170477588,0.5536742717085872,92429,Buy,0,1.0634699431291812
2024-05-17,98312.99864125688,0.5536742717085872,92429,Buy,0,1.0636536689457332
2024-05-20,98975.60201414491,0.5536742717085872,92429,Buy,0,1.0708224511773707
2024-05-21,99717.48755054253,0.5536742717085872,92429,Buy,0,1.0788489962703354
2024-05-22,98896.31116883912,0.5536742717085872,92429,Buy,0,1.0699645943866904
2024-05-23,96619.70109735569,0.5536742717085872,92429,Buy,0,1.0453336877287862
2024-05-24,98375.29921126839,0.5536742717085872,92429,Buy,0,1.064327705990508
2024-05-28,98380.95974243442,0.5536742717085872,92429,Buy,0,1.064388947929359
2024-05-29,98550.85381358184,0.5536742717085872,92429,Buy,0,1.0662270514590673
2024-05-30,99117.18474766599,0.5536742717085872,92429,Buy,0,1.0723542510834725
2024-05-31,99660.8561934934,0.5536742717085872,92429,Buy,0,1.0782362950937658
2024-06-03,100668.90823984239,0.5536742717085872,92429,Buy,0,1.089142526323672
2024-06-04,100850.1320551182,0.5536742717085872,92429,Buy,0,1.0911032076604366
2024-06-05,101710.93215498391,0.5536742717085872,92429,Buy,0,1.1004163031160372
2024-06-06,100923.74500566545,0.5536742717085872,92429,Buy,0,1.0918996346535583
2024-06-07,102288.58415140006,0.5536742717085872,92429,Buy,0,1.1066659866181432
2024-06-10,100153.54813164141,0.5536742717085872,92429,Buy,0,1.0835667859369862
2024-06-11,108099.04125716921,0.5536742717085872,92429,Buy,0,1.1695299914842474
2024-06-12,111451.67315797538,0.5536742717085872,92429,Buy,0,1.205802502285037
2024-06-13,112114.27653086346,0.5536742717085872,92429,Buy,0,1.212971284516675
2024-06-14,111123.20607801252,0.5536742717085872,92429,Buy,0,1.2022487791033205
2024-06-17,113490.42805713385,0.5536742717085872,92429,Buy,0,1.227860026429607
2024-06-18,112142.57050489736,0.5536742717085872,92429,Buy,0,1.2132774002815745
2024-06-20,109531.8415040813,0.5536742717085872,92429,Buy,0,1.1850316224324573
2024-06-21,108291.59481657337,0.5536742717085872,92429,Buy,0,1.1716132506280676
2024-06-24,108659.71166008728,0.5536742717085872,92429,Buy,0,1.1755959491698014
2024-06-25,109186.39283062035,0.5536742717085872,92429,Buy,0,1.1812941734341889
2024-06-26,111553.60612794534,0.5536742717085872,92429,Buy,0,1.2069053268311205
2024-06-27,112034.9856855576,0.5536742717085872,92429,Buy,0,1.212113427725994
2024-06-28,110064.16584218784,0.5536742717085872,92429,Buy,0,1.190790900776987
2024-07-01,113535.72967005466,0.5536742717085872,92429,Buy,0,1.228350149799121
2024-07-02,115529.19163808855,0.5536742717085872,92429,Buy,0,1.2499176445035307
2024-07-03,116254.07821739554,0.5536742717085872,92429,Buy,0,1.257760275921235
2024-07-05,118966.7575517741,0.5536742717085872,92429,Buy,0,1.287109066175144
2024-07-08,119804.91552697563,0.5536742717085872,92429,Buy,0,1.2961771938753412
2024-07-09,120291.94693395762,0.5536742717085872,92429,Buy,0,1.301446442779711
2024-07-10,122727.13001425641,0.5536742717085872,92429,Buy,0,1.3277929690896224
2024-07-11,119663.34147525085,0.5536742717085872,92429,Buy,0,1.294645487898594
2024-07-12,121345.30059322747,0.5536742717085872,92429,Buy,0,1.3128427973791317
2024-07-15,123531.30743886923,0.5536742717085872,92429,Buy,0,1.3364934572980074
2024-07-16,123769.16261119419,0.5536742717085872,92429,Buy,0,1.3390668398113414
2024-07-17,120405.20964805594,0.5536742717085872,92429,Buy,0,1.3026718451328505
2024-07-18,117743.50113956051,0.5536742717085872,92429,Buy,0,1.2738745141166603
2024-07-19,117817.11409010776,0.5536742717085872,92429,Buy,0,1.274670941109782
2024-07-22,117618.90868133382,0.5536742717085872,92429,Buy,0,1.272526533956465
2024-07-23,118213.55963484065,0.5536742717085872,92429,Buy,0,1.278960131133832
2024-07-24,114549.4422475697,0.5536742717085872,92429,Buy,0,1.239317622967878
2024-07-25,113954.8173394517,0.5536742717085872,92429,Buy,0,1.2328843075785738
2024-07-26,114220.99253119937,0.5536742717085872,92429,Buy,0,1.2357640876448697
2024-07-29,114379.55685821851,0.5536742717085872,92429,Buy,0,1.2374796133675232
2024-07-30,114696.7028758493,0.5536742717085872,92429,Buy,0,1.240910852671538
2024-07-31,116554.22527793565,0.5536742717085872,92429,Buy,0,1.2610076015499891
2024-08-01,114447.50059580347,0.5536742717085872,92429,Buy,0,1.2382147044924403
2024-08-02,115296.98831513336,0.5536742717085872,92429,Buy,0,1.2474054099996934
2024-08-05,109299.64686292237,0.5536742717085872,92429,Buy,0,1.1825194818579738
2024-08-06,108144.34287009004,0.5536742717085872,92429,Buy,0,1.1700201148537617
2024-08-07,109611.13234938713,0.5536742717085872,92429,Buy,0,1.185889479223138
2024-08-08,111587.58667853409,0.5536742717085872,92429,Buy,0,1.2072729663229331
2024-08-09,113246.92103543911,0.5536742717085872,92429,Buy,0,1.225225495906776
2024-08-12,114120.0579678001,0.5536742717085872,92429,Buy,0,1.2346720649745035
2024-08-13,116240.56066060792,0.5536742717085872,92429,Buy,0,1.2576140279169548
2024-08-14,116495.69260750405,0.5536742717085872,92429,Buy,0,1.2603743298448793
2024-08-15,118196.6214503239,0.5536742717085872,92429,Buy,0,1.2787768749640502
2024-08-16,118950.70491047652,0.5536742717085872,92429,Buy,0,1.2869353907994765
2024-08-19,118859.98013948715,0.5536742717085872,92429,Buy,0,1.2859538290494914
2024-08-20,119211.51475213123,0.5536742717085872,92429,Buy,0,1.28975712252496
2024-08-21,119149.14472774962,0.5536742717085872,92429,Buy,0,1.2890823340453528
2024-08-22,118088.88904044758,0.5536742717085872,92429,Buy,0,1.2776113056094502
2024-08-23,119398.61614347974,0.5536742717085872,92429,Buy,0,1.2917813940344267
2024-08-26,119591.3780659943,0.5536742717085872,92429,Buy,0,1.2938669074827445
2024-08-27,120073.32194036388,0.5536742717085872,92429,Buy,0,1.299081113785632
2024-08-28,119200.16764441037,0.5536742717085872,92429,Buy,0,1.2896343568591964
2024-08-29,121071.19892148812,0.5536742717085872,92429,Buy,0,1.309877259812574
2024-08-30,120623.28768848484,0.5536742717085872,92429,Buy,0,1.3050312565776232
2024-09-03,117091.02074111968,0.5536742717085872,92429,Buy,0,1.2668152535118629
2024-09-04,116002.41898900614,0.5536742717085872,92429,Buy,0,1.2550375457349363
2024-09-05,116869.8953902011,0.5536742717085872,92429,Buy,0,1.2644228728638132
2024-09-06,115985.41135011925,0.5536742717085872,92429,Buy,0,1.254853538130322
2024-09-09,116036.44294857622,0.5536742717085872,92429,Buy,0,1.2554056548735193
2024-09-10,115582.85382081442,0.5536742717085872,92429,Buy,0,1.25049822184101
2024-09-11,117028.6507167381,0.5536742717085872,92429,Buy,0,1.266140465032256
2024-09-12,117091.02074111968,0.5536742717085872,92429,Buy,0,1.2668152535118629
2024-09-13,116937.9259457487,0.5536742717085872,92429,Buy,0,1.2651589032822708
2024-09-16,113434.01374499137,0.5536742717085872,92429,Buy,0,1.227249673486889
2024-09-17,113700.48411781208,0.5536742717085872,92429,Buy,0,1.2301326471512228
2024-09-18,115911.70289981303,0.5536742717085872,92429,Buy,0,1.2540560779143053
2024-09-19,120549.57923817865,0.5536742717085872,92429,Buy,0,1.3042337963616066
2024-09-20,120169.69856072305,0.5536742717085872,92429,Buy,0,1.300123823545114
2024-09-23,119188.82921848577,0.5536742717085872,92429,Buy,0,1.2895116851227868
2024-09-24,119699.1104758706,0.5536742717085872,92429,Buy,0,1.2950324768373442
2024-09-25,119132.13708886271,0.5536742717085872,92429,Buy,0,1.2888983264407383
2024-09-26,119784.15735210139,0.5536742717085872,92429,Buy,0,1.2959526087897704
2024-09-27,119937.23478387983,0.5536742717085872,92429,Buy,0,1.2976087711606543
2024-09-30,122891.18991831252,0.5536742717085872,92429,Buy,0,1.3295679520933994
2024-10-01,119041.41231787339,0.5536742717085872,92429,Buy,0,1.2879167646907537
2024-10-02,119364.59218390967,0.5536742717085872,92429,Buy,0,1.291413284895844
2024-10-03,118735.24877252025,0.5536742717085872,92429,Buy,0,1.2846043460196317
2024-10-04,119375.93929163055,0.5536742717085872,92429,Buy,0,1.2915360505616078
2024-10-07,116478.69365041342,0.5536742717085872,92429,Buy,0,1.260190416169619
2024-10-08,118791.94958393951,0.5536742717085872,92429,Buy,0,1.2852177986310336
2024-10-09,120929.45123383797,0.5536742717085872,92429,Buy,0,1.3083436752487452
2024-10-10,120645.9558585378,0.5536742717085872,92429,Buy,0,1.3052765061210885
2024-10-11,119801.17367278457,0.5536742717085872,92429,Buy,0,1.296136710323739
2024-10-14,121927.33689675841,0.5536742717085872,92429,Buy,0,1.3191399152050407
2024-10-15,123373.12511088584,0.5536742717085872,92429,Buy,0,1.3347820644669328
2024-10-16,122199.47648254146,0.5536742717085872,92429,Buy,0,1.3220842247375797
2024-10-17,122409.26340753544,0.5536742717085872,92429,Buy,0,1.3243539336492198
2024-10-18,124025.15405592078,0.5536742717085872,92429,Buy,0,1.3418364407453187
2024-10-21,124864.27571050794,0.5536742717085872,92429,Buy,0,1.3509149946038173
2024-10-22,124512.74977966014,0.5536742717085872,92429,Buy,0,1.347111795057703
2024-10-23,121621.16466960899,0.5536742717085872,92429,Buy,0,1.3158274026045644
2024-10-24,121513.44094152903,0.5536742717085872,92429,Buy,0,1.3146619271793194
2024-10-25,121989.69823934375,0.5536742717085872,92429,Buy,0,1.3198146097552936
2024-10-28,123117.98448219342,0.5536742717085872,92429,Buy,0,1.332021668609654
2024-10-29,123271.07059576812,0.5536742717085872,92429,Buy,0,1.333677924909892
2024-10-30,121246.961886912,0.5536742717085872,92429,Buy,0,1.311778859585631
2024-10-31,118871.327247208,0.5536742717085872,92429,Buy,0,1.2860765947152548
2024-11-01,117170.39840438818,0.5536742717085872,92429,Buy,0,1.2676740495960843
2024-11-04,116660.10846520709,0.5536742717085872,92429,Buy,0,1.2621531639521728
2024-11-05,117476.56194974131,0.5536742717085872,92429,Buy,0,1.2709864682672063
2024-11-06,117062.6659945119,0.5536742717085872,92429,Buy,0,1.2665084802414848
2024-11-07,119761.48050025219,0.5536742717085872,92429,Buy,0,1.2957072653169512
2024-11-08,119608.22943254843,0.5536742717085872,92429,Buy,0,1.294049224358986
2024-11-11,118058.67638943871,0.5536742717085872,92429,Buy,0,1.2772844314573024
2024-11-12,118058.67638943871,0.5536742717085872,92429,Buy,0,1.2772844314573024
2024-11-13,118563.84406882233,0.5536742717085872,92429,Buy,0,1.2827498987823154
2024-11-14,120323.40976362894,0.5536742717085872,92429,Buy,0,1.3017868427588444
2024-11-15,118495.72669531203,0.5536742717085872,92429,Buy,0,1.2820129290703168
2024-11-18,120209.88659564266,0.5536742717085872,92429,Buy,0,1.3005586225250836
2024-11-19,120357.45976858784,0.5536742717085872,92429,Buy,0,1.3021552336854898
2024-11-20,120766.12928246458,0.5536742717085872,92429,Buy,0,1.306576676240064
2024-11-21,120493.68583381217,0.5536742717085872,92429,Buy,0,1.3036290791801324
2024-11-22,121259.94117233105,0.5536742717085872,92429,Buy,0,1.311919283969959
2024-11-25,122962.74528314447,0.5536742717085872,92429,Buy,0,1.330342117829607
2024-11-26,124205.78750905042,0.5536742717085872,92429,Buy,0,1.3437907348860068
2024-11-27,124132.00960437408,0.5536742717085872,92429,Buy,0,1.3429925232351574
2024-11-29,125494.2528930249,0.5536742717085872,92429,Buy,0,1.3577307903228768
2024-12-02,126777.02301864822,0.5536742717085872,92429,Buy,0,1.3716092281034795
2024-12-03,128513.88581621688,0.5536742717085872,92429,Buy,0,1.3904005468191278
2024-12-04,128718.2205731552,0.5536742717085872,92429,Buy,0,1.3926112680964144
2024-12-05,128735.24557563466,0.5536742717085872,92429,Buy,0,1.3927954635597373
2024-12-06,128621.72240764838,0.5536742717085872,92429,Buy,0,1.3915672433259765
2024-12-09,130841.04998736257,0.5536742717085872,92429,Buy,0,1.4155784041057553
2024-12-10,131420.00425321882,0.5536742717085872,92429,Buy,0,1.4218421770109717
2024-12-11,130693.46813262108,0.5536742717085872,92429,Buy,0,1.4139816990159948
2024-12-12,131527.84952644652,0.5536742717085872,92429,Buy,0,1.4230089674471735
2024-12-13,131624.33901015713,0.5536742717085872,92429,Buy,0,1.4240528982882583
2024-12-16,133276.05074993978,0.5536742717085872,92429,Buy,0,1.4419229578992314
2024-12-17,134660.99693582856,0.5536742717085872,92429,Buy,0,1.456906850247832
2024-12-18,131578.93321568114,0.5536742717085872,92429,Buy,0,1.4235616477664956
2024-12-19,132566.55699541408,0.5536742717085872,92429,Buy,0,1.4342468632262857
2024-12-20,135234.29067051876,0.5536742717085872,92429,Buy,0,1.4631093812141975
2024-12-23,135677.01887115065,0.5536742717085872,92429,Buy,0,1.4678993086247707
2024-12-24,137340.09508224664,0.5536742717085872,92429,Buy,0,1.4858923217602154
2024-12-26,137805.50881652403,0.5536742717085872,92429,Buy,0,1.4909276865729622
2024-12-27,135858.6420490547,0.5536742717085872,92429,Buy,0,1.469864310711822
2024-12-30,133934.47817882342,0.5536742717085872,92429,Buy,0,1.4490465601115636
2024-12-31,132924.15150185247,0.5536742717085872,92429,Buy,0,1.438115719390892
2025-01-02,129195.01614233851,0.5536742717085872,92429,Buy,0,1.3977697742923412
2025-01-03,128916.88611713127,0.5536742717085872,92429,Buy,0,1.3947606535054968
2025-01-06,129847.74831287107,0.5536742717085872,92429,Buy,0,1.4048317588484065
2025-01-07,128264.14526480247,0.5536742717085872,92429,Buy,0,1.3876985750200777
2025-01-08,128542.25792641718,0.5536742717085872,92429,Buy,0,1.390707507948214
2025-01-10,125221.80076257621,0.5536742717085872,92429,Buy,0,1.3547830993335912
2025-01-13,123831.17668192883,0.5536742717085872,92429,Buy,0,1.3397377771874317
2025-01-14,123195.46083207947,0.5536742717085872,92429,Buy,0,1.3328598941653351
2025-01-15,125800.74634663615,0.5536742717085872,92429,Buy,0,1.361046778309453
2025-01-16,120346.10397907071,0.5536742717085872,92429,Buy,0,1.302032374090372
2025-01-17,121322.38065108276,0.5536742717085872,92429,Buy,0,1.3125948238843983
2025-01-21,117156.18630389923,0.5536742717085872,92429,Buy,0,1.267520287243479
2025-01-22,117831.63005346604,0.5536742717085872,92429,Buy,0,1.2748279909897795
2025-01-23,117735.14925155172,0.5536742717085872,92429,Buy,0,1.2737841540780492
2025-01-24,117235.65078513043,0.5536742717085872,92429,Buy,0,1.2683800226212414
2025-01-27,121254.26327757246,0.5536742717085872,92429,Buy,0,1.3118578541724
2025-01-28,126022.11478785022,0.5536742717085872,92429,Buy,0,1.3634417889794168
2025-01-29,126646.48352997872,0.5536742717085872,92429,Buy,0,1.3701969063357498
2025-01-30,125641.8173841738,0.5536742717085872,92429,Buy,0,1.359327307553929
2025-01-31,124739.3446622269,0.5536742717085872,92429,Buy,0,1.349563351198814
2025-02-03,120204.20870088406,0.5536742717085872,92429,Buy,0,1.3004971927275244
2025-02-04,122923.01738342704,0.5536742717085872,92429,Buy,0,1.3299122971054034
2025-02-05,122735.70762896816,0.5536742717085872,92429,Buy,0,1.3278857712914394
2025-02-06,123161.41082712058,0.5536742717085872,92429,Buy,0,1.33249150323869
2025-02-07,119988.51815442856,0.5536742717085872,92429,Buy,0,1.2981636118551196
2025-02-10,120141.9341762614,0.5536742717085872,92429,Buy,0,1.2998234374708122
2025-02-11,122966.01832033716,0.5536742717085872,92429,Buy,0,1.3303775291960904
2025-02-12,125380.97281533403,0.5536742717085872,92429,Buy,0,1.3565052001110292
2025-02-13,128028.90331315385,0.5536742717085872,92429,Buy,0,1.3851534652423172
2025-02-14,129773.35400065978,0.5536742717085872,92429,Buy,0,1.4040268782134186
2025-02-18,129699.48927802074,0.5536742717085872,92429,Buy,0,1.4032277272690286
2025-02-19,129926.77002249261,0.5536742717085872,92429,Buy,0,1.405686703829111
2025-02-20,130472.27332733234,0.5536742717085872,92429,Buy,0,1.4115885669331123
2025-02-21,130313.17072894468,0.5536742717085872,92429,Buy,0,1.409867217590507
2025-02-24,131193.92159663173,0.5536742717085872,92429,Buy,0,1.4193961627017495
2025-02-25,131159.8195008953,0.5536742717085872,92429,Buy,0,1.4190272081989808
2025-02-26,127364.07740042149,0.5536742717085872,92429,Buy,0,1.3779606370960389
2025-02-27,125625.31328947037,0.5536742717085872,92429,Buy,0,1.3591487478518502
2025-02-28,128205.04827761352,0.5536742717085872,92429,Buy,0,1.3870591979069535
2025-03-03,126040.11215151155,0.5536742717085872,92429,Buy,0,1.3636365045303946
2025-03-04,124846.84266360395,0.5536742717085872,92429,Buy,0,1.3507263844608537
2025-03-05,124738.88452702474,0.5536742717085872,92429,Buy,0,1.3495583729430485
2025-03-06,124505.90852420179,0.5536742717085872,92429,Buy,0,1.3470377787266992
2025-03-07,126631.07334160495,0.5536742717085872,92429,Buy,0,1.3700301817322835
2025-03-10,120045.3405109956,0.5536742717085872,92429,Buy,0,1.2987783794774788
2025-03-11,116272.32735314859,0.5536742717085872,92429,Buy,0,1.2579577154234804
2025-03-12,114078.97570786497,0.5536742717085872,92429,Buy,0,1.234227591271065
2025-03-13,109930.93499667561,0.5536742717085872,92429,Buy,0,1.189349460909497
2025-03-14,112095.8798045738,0.5536742717085872,92429,Buy,0,1.2127722482154095
2025-03-17,112385.66948216753,0.5536742717085872,92429,Buy,0,1.215907516124764
2025-03-18,111641.29227024132,0.5536742717085872,92429,Buy,0,1.207854013307183
2025-03-19,113090.2667035987,0.5536742717085872,92429,Buy,0,1.223530634642017
2025-03-20,112442.49183873457,0.5536742717085872,92429,Buy,0,1.2165222837471232
2025-03-21,114811.98844847783,0.5536742717085872,92429,Buy,0,1.2421581405641748
2025-03-24,116209.81842002673,0.5536742717085872,92429,Buy,0,1.2572814240742085
2025-03-25,117925.86227014726,0.5536742717085872,92429,Buy,0,1.2758475001988072
2025-03-26,116664.39727256296,0.5536742717085872,92429,Buy,0,1.2621995650530813
2025-03-27,117982.68462671431,0.5536742717085872,92429,Buy,0,1.2764622678211666
2025-03-28,114601.74138828168,0.5536742717085872,92429,Buy,0,1.239883453396769
2025-03-31,117005.34009376142,0.5536742717085872,92429,Buy,0,1.26588826471659
2025-04-01,117607.65707337191,0.5536742717085872,92429,Buy,0,1.2724048015135965
2025-04-02,118005.4135693411,0.5536742717085872,92429,Buy,0,1.27670817487011
2025-04-03,106243.15971457728,0.5536742717085872,92429,Buy,0,1.1494509952537144
2025-04-04,97827.74700250963,0.5536742717085872,92429,Buy,0,1.058403675558947
2025-04-07,93895.63124627493,0.5536742717085872,92429,Buy,0,1.0158616621623433
2025-04-08,88758.87284902297,0.5536742717085872,92429,Buy,0,0.9602864812423726
2025-04-09,103777.06075777195,0.5536742717085872,92429,Buy,0,1.1227699865139755
2025-04-10,98986.92307647702,0.5536742717085872,92429,Buy,0,1.0709449350550726
2025-04-11,103379.29558000648,0.5536742717085872,92429,Buy,0,1.1184665192281078
2025-04-14,105862.44558468006,0.5536742717085872,92429,Buy,0,1.1453320052192315
2025-04-15,105646.52062972536,0.5536742717085872,92429,Buy,0,1.142995888254267
2025-04-16,101174.58814520577,0.5536742717085872,92429,Buy,0,1.0946135354805748
2025-04-17,102714.47834907036,0.5536742717085872,92429,Buy,0,1.1112737850111831
2025-04-21,100543.85564641363,0.5536742717085872,92429,Buy,0,1.087789567907712
2025-04-22,104282.78407211664,0.5536742717085872,92429,Buy,0,1.1282414653176485
2025-04-23,107044.35928307049,0.5536742717085872,92429,Buy,0,1.1581192656936543
2025-04-24,109186.55778474937,0.5536742717085872,92429,Buy,0,1.1812959580919156
2025-04-25,109703.6455704075,0.5536742717085872,92429,Buy,0,1.1868903904200607
2025-04-28,110192.31783688394,0.5536742717085872,92429,Buy,0,1.1921773919723488
2025-04-29,110800.3213930493,0.5536742717085872,92429,Buy,0,1.1987554524962682
2025-04-30,111533.33413366205,0.5536742717085872,92429,Buy,0,1.2066860017893772
2025-05-01,111999.27745751174,0.5536742717085872,92429,Buy,0,1.2117270962927222
2025-05-02,107470.5226164251,0.5536742717085872,92429,Buy,0,1.162729975896671
2025-05-05,103799.78970039877,0.5536742717085872,92429,Buy,0,1.1230158935629193
2025-05-06,103583.85606364776,0.5536742717085872,92429,Buy,0,1.1206796826686003
2025-05-07,102299.67080523292,0.5536742717085872,92429,Buy,0,1.1067859344032849
2025-05-08,103004.27670846035,0.5536742717085872,92429,Buy,0,1.1144091468498918
2025-05-09,103595.22921675745,0.5536742717085872,92429,Buy,0,1.1208027301224264
2025-05-12,110718.72987173272,0.5536742717085872,92429,Buy,0,1.19787270442676
2025-05-13,111936.32575278025,0.5536742717085872,92429,Buy,0,1.2110460145463928
2025-05-14,111594.94884176848,0.5536742717085872,92429,Buy,0,1.207352618415181
2025-05-15,111094.25228746234,0.5536742717085872,92429,Buy,0,1.201935524707512
2025-05-16,110986.14656034658,0.5536742717085872,92429,Buy,0,1.2007659163906876
2025-05-19,109575.1028948794,0.5536742717085872,92429,Buy,0,1.185499672403766
2025-05-20,108482.68115240838,0.5536742717085872,92429,Buy,0,1.1736806357110503
2025-05-21,105768.69086679355,0.5536742717085872,92429,Buy,0,1.1443176621246778
2025-05-22,105353.34505158756,0.5536742717085872,92429,Buy,0,1.1398239878968273
2025-05-23,101888.3186163097,0.5536742717085872,92429,Buy,0,1.1023354676783044
2025-05-27,104699.03279413441,0.5536742717085872,92429,Buy,0,1.132744908198322
2025-05-28,104818.51167435983,0.5536742717085872,92429,Buy,0,1.1340375639689722
2025-05-29,104551.094985746,0.5536742717085872,92429,Buy,0,1.1311443520050448
2025-05-30,105063.17337495807,0.5536742717085872,92429,Buy,0,1.1366845870958937
2025-06-02,105546.7928360072,0.5536742717085872,92429,Buy,0,1.141916921764116
2025-06-03,106440.08021750365,0.5536742717085872,92429,Buy,0,1.1515815008626291
2025-06-04,106184.0453637958,0.5536742717085872,92429,Buy,0,1.1488114302818822
2025-06-05,104937.99923638153,0.5536742717085872,92429,Buy,0,1.1353303136689763
2025-06-06,106809.90737488221,0.5536742717085872,92429,Buy,0,1.1555827034871144
2025-06-09,105404.55028596986,0.5536742717085872,92429,Buy,0,1.1403779832271057
2025-06-10,106098.69462469565,0.5536742717085872,92429,Buy,0,1.1478880108020637
2025-06-11,103885.40089338692,0.5536742717085872,92429,Buy,0,1.1239421309233597
2025-06-12,104124.36733563406,0.5536742717085872,92429,Buy,0,1.1265275363940144
2025-06-13,102559.6992852236,0.5536742717085872,92429,Buy,0,1.1095992124869023
2025-06-16,103680.57127406135,0.5536742717085872,92429,Buy,0,1.121726055672891
2025-06-17,102098.83481219015,0.5536742717085872,92429,Buy,0,1.1046130666556864
2025-06-18,102633.66818941785,0.5536742717085872,92429,Buy,0,1.1103994905835413
2025-06-20,105148.51543226196,0.5536742717085872,92429,Buy,0,1.1376079126463583
2025-06-23,105433.00053233658,0.5536742717085872,92429,Buy,0,1.1406857897203786
2025-06-24,104750.2380285167,0.5536742717085872,92429,Buy,0,1.1332989035286003
2025-06-25,105467.1373552581,0.5536742717085872,92429,Buy,0,1.141055119940564
2025-06-26,105148.51543226196,0.5536742717085872,92429,Buy,0,1.1376079126463583
2025-06-27,105194.03409008944,0.5536742717085872,92429,Buy,0,1.138100384249724
2025-06-30,107521.12012506876,0.5536742717085872,92429,Buy,0,1.1632773961721652
2025-07-01,109028.89636454202,0.5536742717085872,92429,Buy,0,1.1795902010220851
2025-07-02,111657.53591105674,0.5536742717085872,92429,Buy,0,1.2080297551286396
2025-07-03,112289.09318049425,0.5536742717085872,92429,Buy,0,1.2148626459901388
2025-07-07,110240.79698723846,0.5536742717085872,92429,Buy,0,1.192701893485451
2025-07-08,110274.93381016002,0.5536742717085872,92429,Buy,0,1.193071223705637
2025-07-09,110917.87291450347,0.5536742717085872,92429,Buy,0,1.200027255950316
2025-07-10,111640.46749959594,0.5536742717085872,92429,Buy,0,1.2078450900185465
2025-07-11,110929.25474940939,0.5536742717085872,92429,Buy,0,1.2001503973334957
2025-07-14,109484.06557922439,0.5536742717085872,92429,Buy,0,1.1845147291970344
2025-07-15,109762.86410274422,0.5536742717085872,92429,Buy,0,1.187531082544142
2025-07-16,110360.28454926013,0.5536742717085872,92429,Buy,0,1.1939946431854551
2025-07-17,110280.62906851109,0.5536742717085872,92429,Buy,0,1.1931328413619036
2025-07-18,110940.62790251907,0.5536742717085872,92429,Buy,0,1.2002734447873218
2025-07-21,111680.29089907232,0.5536742717085872,92429,Buy,0,1.2082759439656452
2025-07-22,112772.71264154337,0.5536742717085872,92429,Buy,0,1.2200949806583612
2025-07-23,112630.47009150607,0.5536742717085872,92429,Buy,0,1.218556042121351
2025-07-24,112408.57206071969,0.5536742717085872,92429,Buy,0,1.2161553017607891
2025-07-25,112476.85438835906,0.5536742717085872,92429,Buy,0,1.2168940561305148
2025-07-28,112573.57828056887,0.5536742717085872,92429,Buy,0,1.2179405230641591
2025-07-29,110991.84181869765,0.5536742717085872,92429,Buy,0,1.2008275340469543
2025-07-30,109728.72727982265,0.5536742717085872,92429,Buy,0,1.1871617523239562
2025-07-31,108886.65381450471,0.5536742717085872,92429,Buy,0,1.178051262485075
